{"_step":19999,"_wandb":{"runtime":2078},"loss":0.0024410702753812075,"_timestamp":1.7462192507676444e+09,"_runtime":2078.331761922}