{"_wandb":{"runtime":142},"loss":0.057086627930402756,"_timestamp":1.746451247481778e+09,"_runtime":141.579057193,"_step":1372}