{"loss":0.004081785678863525,"_timestamp":1.7464432032130814e+09,"_runtime":489.941943582,"_step":1999,"_wandb":{"runtime":490}}