{"loss":0.006298291031271219,"_timestamp":1.7461996952030823e+09,"_runtime":2140.526416666,"_step":19999,"_wandb":{"runtime":2141}}