{"_runtime":201.768506451,"_step":1898,"_wandb":{"runtime":202},"loss":0.008550761267542839,"_timestamp":1.7464535301863327e+09}