{"_wandb":{"runtime":326},"_runtime":326.576209129,"_step":3081,"loss":0.010083068162202835,"_timestamp":1.746450853634333e+09}