{"loss":0.019740231335163116,"_timestamp":1.7464443654226604e+09,"_runtime":167.364322868,"_step":671,"_wandb":{"runtime":167}}