{"_timestamp":1.7464379091058657e+09,"_runtime":215.408704806,"_step":1999,"_wandb":{"runtime":216},"loss":0.03923925384879112}