{"_step":4999,"loss":0.008743343874812126,"_timestamp":1.7464480338466141e+09,"_runtime":671.542287729,"_wandb":{"runtime":672}}