{"_step":19999,"loss":0.024471605196595192,"_wandb":{"runtime":2137},"_timestamp":1.7462275934674911e+09,"_runtime":2137.294094797}