{"_runtime":60.932742372,"_step":564,"loss":0.01508471742272377,"_wandb":{"runtime":61},"_timestamp":1.7464379717258978e+09}