{"_step":19999,"loss":0.011798073537647724,"_wandb":{"runtime":2106},"_timestamp":1.7462022696063528e+09,"_runtime":2106.362868832}