{"_runtime":553.795837525,"_step":5226,"loss":0.005325185600668192,"_timestamp":1.7464561942193766e+09,"_wandb":{"runtime":554}}