{"_step":19999,"_wandb":{"runtime":2152},"loss":0.0028834491968154907,"_timestamp":1.746215069981509e+09,"_runtime":2151.750951347}