{"loss":0.0052666389383375645,"_wandb":{"runtime":2178},"_timestamp":1.746195393252556e+09,"_runtime":2178.368975154,"_step":19999}