{"loss":0.019240861758589745,"_timestamp":1.7461932131390612e+09,"_runtime":2104.254887342,"_step":19999,"_wandb":{"runtime":2105}}