{"loss":0.012644501402974129,"_wandb":{"runtime":660},"_timestamp":1.7464464232095153e+09,"_runtime":659.575888189,"_step":4999}