{"_step":19999,"_wandb":{"runtime":2080},"loss":0.005605376325547695,"_timestamp":1.7462233872128396e+09,"_runtime":2079.707952717}