{"_runtime":78.32514818,"_step":744,"_wandb":{"runtime":79},"loss":0.014069086872041225,"_timestamp":1.746440188549517e+09}