{"_runtime":2102.652671278,"_step":19999,"_wandb":{"runtime":2103},"loss":0.0029185821767896414,"_timestamp":1.746204373920704e+09}