{"_wandb":{"runtime":2103},"_timestamp":1.7462064786577797e+09,"_runtime":2102.937441365,"_step":19999,"loss":0.0021179839968681335}