{"_step":19999,"loss":0.002295274753123522,"_timestamp":1.7462213061575282e+09,"_runtime":2054.01258689,"_wandb":{"runtime":2054}}