{"_step":9999,"_wandb":{"runtime":1023},"loss":0.09847216308116913,"_timestamp":1.7464505258735921e+09,"_runtime":1023.319954073}