{"loss":0.012186363339424133,"_timestamp":1.7464401088919322e+09,"_runtime":2095.694298457,"_step":19999,"_wandb":{"runtime":2096}}