{"_step":19999,"_wandb":{"runtime":2099},"loss":0.024115348234772682,"_timestamp":1.7462171709067998e+09,"_runtime":2098.902671742}