{"_wandb":{"runtime":630},"loss":0.04599308967590332,"_timestamp":1.7461893846772506e+09,"_runtime":630.170951974,"_step":4493}