{"_step":1119,"_wandb":{"runtime":122},"loss":0.08679313212633133,"_timestamp":1.746199818923279e+09,"_runtime":121.925881514}