{"_step":3999,"loss":0.014795035123825073,"_wandb":{"runtime":957},"_timestamp":1.7464455246614766e+09,"_runtime":956.640306376}