{"_wandb":{"runtime":28},"_timestamp":1.7464493561618779e+09,"_runtime":27.159549204,"_step":245,"loss":0.03451387211680412}