{"_wandb":{"runtime":2158},"_runtime":2158.390193102,"_step":19999,"loss":0.003900337964296341,"_timestamp":1.7461975530823565e+09}