{"loss":0.008838927373290062,"_timestamp":1.7462297075445175e+09,"_runtime":2112.397880401,"_step":19999,"_wandb":{"runtime":2113}}