{"_step":19999,"_wandb":{"runtime":2066},"loss":0.002683938480913639,"_timestamp":1.74622545401212e+09,"_runtime":2065.12220061}