{"loss":0.02148311771452427,"_timestamp":1.746442216701608e+09,"_runtime":486.140240605,"_step":1999,"_wandb":{"runtime":486}}