{"loss":0.014313535764813423,"_timestamp":1.7464533270424483e+09,"_runtime":2046.084646836,"_step":19999,"_wandb":{"runtime":2046}}