{"_step":4999,"loss":0.09847217053174973,"_wandb":{"runtime":513},"_timestamp":1.7464493277741625e+09,"_runtime":513.502796556}