{"_step":1999,"loss":0.03655705228447914,"_timestamp":1.7464375573102243e+09,"_wandb":{"runtime":213},"_runtime":213.460389561}