{"_wandb":{"runtime":494},"loss":0.0053298198617994785,"_timestamp":1.7464427119165268e+09,"_runtime":493.793939157,"_step":1999}