{"_wandb":{"runtime":41},"loss":0.04666145145893097,"_timestamp":1.7464416095761597e+09,"_runtime":27.00379197,"_step":99}