{"_runtime":2133.1826078,"_wandb":{"runtime":2134},"_step":19999,"loss":0.0036173753906041384,"_timestamp":1.7462318424684443e+09}