{"_runtime":2102.018281919,"_step":19999,"loss":0.003285422455519438,"_wandb":{"runtime":2102},"_timestamp":1.746208582308833e+09}