{"loss":0.015488624572753906,"_timestamp":1.7462107733706625e+09,"_runtime":2126.645892498,"_step":19999,"_wandb":{"runtime":2127}}