{"loss":0.007935645990073681,"_timestamp":1.7464556390545979e+09,"_runtime":2050.851498386,"_step":19999,"_wandb":{"runtime":2051}}