{"_wandb":{"runtime":101},"loss":0.09847217053174973,"_timestamp":1.7464510735294175e+09,"_runtime":101.189291821,"_step":977}