{"_timestamp":1.7462129157832916e+09,"_runtime":2140.213834049,"_wandb":{"runtime":2141},"_step":19999,"loss":0.011212261393666267}