{"_wandb":{"runtime":496},"loss":0.025158315896987915,"_timestamp":1.746444196387924e+09,"_runtime":496.31021395,"_step":1999}