{"_wandb":{"runtime":174},"_timestamp":1.7461909460955222e+09,"_runtime":173.973974729,"_step":0,"loss":0.1348561942577362}