{"_wandb":{"runtime":494},"_runtime":494.05444548,"_step":1999,"loss":0.006436847150325775,"_timestamp":1.7464436985927908e+09}